URL,Last crawled
https://myportalgh.com/login,1970-01-01
https://myportalgh.com/profile/7e92a0a3-8613-425e-9140-efa85a5d7163,1970-01-01
https://myportalgh.com/profile/d84076ae-4b9c-4ce8-9944-0d91e8df2cc4,1970-01-01
https://myportalgh.com/s/auto-electrician,1970-01-01
https://myportalgh.com/s/car-detailing-wash,1970-01-01
https://myportalgh.com/s/carpentry-furniture,1970-01-01
https://myportalgh.com/s/catering,1970-01-01
https://myportalgh.com/s/cobbler-shoe-repair,1970-01-01
https://myportalgh.com/s/drone-pilot,1970-01-01
https://myportalgh.com/s/event-decor-planning,1970-01-01
https://myportalgh.com/s/fitness-yoga,1970-01-01
https://myportalgh.com/s/fumigation-pest,1970-01-01
https://myportalgh.com/s/jewelry-goldsmithing,1970-01-01
https://myportalgh.com/s/lash-tech,1970-01-01
https://myportalgh.com/s/laundry-dry-cleaning,1970-01-01
https://myportalgh.com/s/nanny-childcare,1970-01-01
https://myportalgh.com/s/plumbing,1970-01-01
https://myportalgh.com/s/skin-consultation,1970-01-01
https://myportalgh.com/s/solar-panel,1970-01-01
https://myportalgh.com/s/spa-massage,1970-01-01
https://myportalgh.com/s/videography,1970-01-01
https://myportalgh.com/s/vulcanizing,1970-01-01
https://myportalgh.com/signup,1970-01-01